portfolioId,Ticker,Name,NAV,Change,YTD,Ccy,1Y,Incept
237595,-,BlackRock ASEAN Leaders Fund,10.68,0.09,7.89,USD,7.89,1.20
244083,-,BlackRock Asia Pacific Equity Income Fund,15.89,0.38,29.11,GBP,29.11,50.80
229019,-,BlackRock Asia Pacific Equity Income Fund,16.32,-0.24,7.94,USD,7.94,53.60
260981,-,BlackRock Asia Pacific Equity Income Fund,10.06,-0.30,6.75,EUR,6.75,2.84
229020,-,BlackRock Asia Pacific Equity Income Fund,100.91,-0.27,7.99,HKD,7.99,55.52
229021,-,BlackRock Asia Pacific Equity Income Fund,13.01,-0.23,5.72,USD,25.00,62.54
228311, ,BlackRock Asia Pacific Equity Income Fund,12.36,-0.24,7.69,SGD,7.69,47.39
229022,-,BlackRock Asia Pacific Equity Income Fund,13.65,-0.29,7.98,USD,7.98,23.91
230090,-,BlackRock Asia Pacific Equity Income Fund,106.53,-0.26,5.71,HKD,24.49,29.74
251626,-,BlackRock Asia Pacific Equity Income Fund,13.32,-0.22,8.37,AUD,8.37,6.57
270026,-,BlackRock Asia Pacific Equity Income Fund,95.45,-0.23,13.07,ZAR,13.07,8.02
229023,-,BlackRock Asia Pacific Equity Income Fund,11.94,-0.25,5.60,USD,23.45,48.31
229026,-,BlackRock Asia Pacific Equity Income Fund,11.34,-0.26,5.61,SGD,23.29,40.53
229028,-,BlackRock Asian Dragon Fund,33.06,0.64,11.65,EUR,11.65,224.61
229399,-,BlackRock Asian Dragon Fund,28.53,0.78,29.38,GBP,29.38,214.15
229029,-,BlackRock Asian Dragon Fund,35.60,0.17,8.24,USD,8.24,78.29
260723,-,BlackRock Asian Dragon Fund,12.26,0.16,8.75,AUD,8.75,14.40
279268,-,BlackRock Asian Dragon Fund,11.87,-0.67,5.95,CHF,24.12,15.80
279261,-,BlackRock Asian Dragon Fund,11.97,-0.66,6.09,EUR,24.79,16.80
285325,-,BlackRock Asian Dragon Fund,101.42,0.16,-,PLN,-,-
262692,-,BlackRock Asian Dragon Fund,11.45,0.17,7.86,SGD,7.86,7.00
229030,-,BlackRock Asian Dragon Fund,27.46,0.77,29.36,GBP,29.36,225.07
229402,-,BlackRock Asian Dragon Fund,25.91,0.62,3.68,EUR,25.26,146.07
229403,-,BlackRock Asian Dragon Fund,27.90,0.14,6.09,USD,24.74,162.62
244060,-,BlackRock Asian Growth Leaders Fund,16.40,-0.30,6.40,USD,6.40,52.90
270819,-,BlackRock Asian Growth Leaders Fund,11.95,-0.25,6.81,AUD,6.81,11.30
279263,-,BlackRock Asian Growth Leaders Fund,11.90,-0.08,4.41,CHF,4.41,8.90
279264,-,BlackRock Asian Growth Leaders Fund,12.03,0.00,5.17,EUR,5.17,9.90
262691,-,BlackRock Asian Growth Leaders Fund,12.45,-0.32,6.02,SGD,6.02,16.20
229037,-,BlackRock Asian Local Bond Fund,9.96,0.00,0.21,USD,0.21,-3.30
229038,-,BlackRock Asian Local Bond Fund,8.80,0.00,0.11,USD,0.11,-3.52
229039,-,BlackRock Asian Local Bond Fund,8.15,0.00,0.16,USD,0.16,-3.34
229042,-,BlackRock Asian Tiger Bond Fund,12.53,0.00,4.72,USD,4.72,280.24
229407,-,BlackRock Asian Tiger Bond Fund,38.58,0.03,4.70,USD,4.70,280.70
275884,-,BlackRock Asian Tiger Bond Fund,10.34,0.10,3.13,EUR,3.13,2.20
229412,-,BlackRock Asian Tiger Bond Fund,12.82,0.00,4.71,SGD,4.71,26.60
228418, ,BlackRock Asian Tiger Bond Fund,12.54,0.00,4.71,USD,4.71,106.52
243968,-,BlackRock Asian Tiger Bond Fund,10.78,0.09,5.85,AUD,5.85,23.22
243967,-,BlackRock Asian Tiger Bond Fund,9.68,0.00,3.10,EUR,3.10,10.90
228417, ,BlackRock Asian Tiger Bond Fund,11.08,0.00,4.29,HKD,4.29,38.94
241417,-,BlackRock Asian Tiger Bond Fund,11.27,0.00,6.30,NZD,6.30,29.45
242994,-,BlackRock Asian Tiger Bond Fund,10.04,0.00,4.66,SGD,4.66,15.08
228329, ,BlackRock Asian Tiger Bond Fund,11.56,0.00,4.71,USD,4.71,21.82
272929,-,BlackRock Asian Tiger Bond Fund,10.68,0.00,3.11,EUR,3.11,2.73
272930,-,BlackRock Asian Tiger Bond Fund,7.69,0.13,4.33,GBP,4.33,4.38
230092,-,BlackRock Asian Tiger Bond Fund,89.13,0.01,4.24,HKD,4.24,21.09
271372,-,BlackRock Asian Tiger Bond Fund,9.75,0.00,4.66,SGD,4.66,7.47
246706,-,BlackRock Asian Tiger Bond Fund,11.50,0.00,5.84,AUD,5.84,20.99
272932,-,BlackRock Asian Tiger Bond Fund,11.07,0.00,4.48,CAD,4.48,4.53
272931,-,BlackRock Asian Tiger Bond Fund,12.06,0.08,6.26,NZD,6.26,8.72
260724,-,BlackRock Asian Tiger Bond Fund,104.51,0.04,11.85,ZAR,11.85,35.61
229410,-,BlackRock Asian Tiger Bond Fund,12.71,0.08,1.00,USD,4.51,104.48
229411,-,BlackRock Asian Tiger Bond Fund,31.19,0.00,1.01,USD,4.53,79.63
273330,-,BlackRock China Fund,14.84,0.41,8.40,EUR,8.40,-16.89
229546,-,BlackRock China Fund,16.24,-0.06,5.14,HKD,5.14,53.50
229547,-,BlackRock China Fund,15.98,0.00,5.15,USD,5.15,51.10
260707,-,BlackRock China Fund,13.56,0.00,5.61,AUD,5.61,28.10
229550,-,BlackRock China Fund,14.57,-0.07,3.99,EUR,3.99,38.00
229551,-,BlackRock China Fund,14.71,-0.07,4.90,SGD,4.90,39.20
229552,-,BlackRock China Fund,14.46,0.00,4.15,GBP,4.15,45.68
229549,-,BlackRock China Fund,14.31,0.00,3.83,USD,3.83,35.50
229555,-,BlackRock China Fund,13.22,-0.08,3.56,SGD,3.56,25.20
229558,-,BlackRock Continental European Flexible Fund,21.27,0.28,-2.68,EUR,-2.68,"1,476.93"
228513, ,BlackRock Continental European Flexible Fund,22.91,-0.13,-5.70,USD,-5.70,41.94
272568,-,BlackRock Continental European Flexible Fund,10.49,0.38,2.06,USD,5.48,4.00
229116,-,BlackRock Continental European Flexible Fund,20.86,0.29,-2.68,EUR,-2.68,67.90
228352, ,BlackRock Continental European Flexible Fund,17.88,0.51,12.74,GBP,12.74,284.89
229561,-,BlackRock Continental European Flexible Fund,19.58,0.36,-3.33,GBP,-3.33,91.48
229559,-,BlackRock Continental European Flexible Fund,18.57,0.32,1.88,EUR,3.77,158.49
229564,-,BlackRock Emerging Europe Fund,97.65,1.36,25.15,EUR,25.15,"1,008.96"
229565,-,BlackRock Emerging Europe Fund,105.14,0.89,21.31,USD,21.31,422.96
229573,-,BlackRock Emerging Europe Fund,8.97,1.36,25.53,SGD,25.53,-12.00
229566,-,BlackRock Emerging Europe Fund,93.42,1.37,25.17,EUR,25.17,143.15
229118,-,BlackRock Emerging Europe Fund,80.86,1.52,45.02,GBP,45.02,977.93
229568,-,BlackRock Emerging Europe Fund,77.63,1.36,-0.22,EUR,32.69,128.40
229569,-,BlackRock Emerging Europe Fund,83.59,0.89,2.12,USD,32.17,223.71
229123,-,BlackRock Emerging Markets Bond Fund,9.30,0.54,16.11,EUR,16.11,166.32
229577,-,BlackRock Emerging Markets Bond Fund,10.02,0.10,12.53,USD,12.53,135.27
229124,-,BlackRock Emerging Markets Bond Fund,16.16,0.56,16.12,EUR,16.12,176.37
228473, ,BlackRock Emerging Markets Bond Fund,17.40,0.12,12.56,USD,12.56,130.45
229584,-,BlackRock Emerging Markets Bond Fund,16.61,0.12,11.12,EUR,11.12,87.24
264123,-,BlackRock Emerging Markets Bond Fund,11.49,0.09,12.28,GBP,12.28,12.50
229125,-,BlackRock Emerging Markets Bond Fund,9.62,0.63,16.06,EUR,16.06,61.94
229578,-,BlackRock Emerging Markets Bond Fund,10.35,0.10,12.58,USD,12.58,73.97
264649,-,BlackRock Emerging Markets Bond Fund,13.34,0.60,16.20,EUR,16.20,42.73
228326, ,BlackRock Emerging Markets Bond Fund,9.49,0.11,12.52,USD,12.52,21.71
283769,-,BlackRock Emerging Markets Bond Fund,10.43,0.10,1.73,CAD,-,6.94
283746,-,BlackRock Emerging Markets Bond Fund,10.34,0.10,1.75,GBP,-,6.21
228327, ,BlackRock Emerging Markets Bond Fund,72.68,0.12,12.06,HKD,12.06,20.27
246708,-,BlackRock Emerging Markets Bond Fund,9.39,0.11,13.57,AUD,13.57,19.10
283770,-,BlackRock Emerging Markets Bond Fund,10.45,0.19,1.91,NZD,-,7.87
270028,-,BlackRock Emerging Markets Bond Fund,102.47,0.15,19.51,ZAR,19.51,24.95
229581,-,BlackRock Emerging Markets Bond Fund,10.01,0.10,1.69,USD,14.36,105.00
229126,-,BlackRock Emerging Markets Bond Fund,14.91,0.13,1.64,USD,14.32,104.83
246606,-,BlackRock Emerging Markets Corporate Bond Fund,11.22,0.18,9.74,USD,9.74,10.40
246607,-,BlackRock Emerging Markets Corporate Bond Fund,10.96,0.18,8.22,EUR,8.22,8.00
229589,-,BlackRock Emerging Markets Equity Income Fund,12.21,1.24,13.25,USD,13.25,13.70
229590,-,BlackRock Emerging Markets Equity Income Fund,10.16,1.30,13.28,USD,13.28,14.36
262190,-,BlackRock Emerging Markets Equity Income Fund,10.99,1.29,13.15,USD,13.15,-6.76
286078,-,BlackRock Emerging Markets Equity Income Fund,11.28,-0.62,5.38,CAD,-,-
286068,-,BlackRock Emerging Markets Equity Income Fund,10.95,-0.73,5.33,EUR,-,-
286076,-,BlackRock Emerging Markets Equity Income Fund,11.26,-0.62,5.38,GBP,-,-
262735,-,BlackRock Emerging Markets Equity Income Fund,84.98,1.26,12.68,HKD,12.68,-7.29
285746,-,BlackRock Emerging Markets Equity Income Fund,10.84,1.31,5.53,SGD,-,-
285747,-,BlackRock Emerging Markets Equity Income Fund,10.84,1.21,5.51,AUD,-,-
286077,-,BlackRock Emerging Markets Equity Income Fund,11.26,-0.79,5.39,NZD,-,-
229130,-,BlackRock Emerging Markets Fund,25.94,0.86,11.50,EUR,11.50,145.84
229131,-,BlackRock Emerging Markets Fund,27.93,0.36,8.08,USD,8.08,155.60
229594,-,BlackRock Emerging Markets Fund,20.89,0.82,5.12,EUR,25.63,159.40
229595,-,BlackRock Emerging Markets Fund,22.50,0.40,7.62,USD,25.17,182.91
229843,-,BlackRock Emerging Markets Local Currency Bond Fund,3.96,0.76,16.51,EUR,16.51,22.26
229293,-,BlackRock Emerging Markets Local Currency Bond Fund,4.26,0.24,13.15,USD,13.15,134.43
253851,-,BlackRock Emerging Markets Local Currency Bond Fund,23.02,0.92,15.02,CHF,15.02,-11.82
229844,-,BlackRock Emerging Markets Local Currency Bond Fund,21.52,0.80,16.55,EUR,16.55,24.82
229845,-,BlackRock Emerging Markets Local Currency Bond Fund,23.17,0.30,12.99,USD,12.99,2.05
229869,-,BlackRock Emerging Markets Local Currency Bond Fund,7.85,0.38,10.60,CHF,10.60,-23.80
229296,-,BlackRock Emerging Markets Local Currency Bond Fund,7.97,0.38,11.22,EUR,11.22,-22.70
229866,-,BlackRock Emerging Markets Local Currency Bond Fund,9.86,0.31,13.15,PLN,13.15,-4.50
229297,-,BlackRock Emerging Markets Local Currency Bond Fund,8.32,0.24,12.41,SGD,12.41,-19.40
229846,-,BlackRock Emerging Markets Local Currency Bond Fund,3.98,0.76,16.42,EUR,16.42,16.78
229847,-,BlackRock Emerging Markets Local Currency Bond Fund,33.28,0.33,13.02,HKD,13.02,-14.36
229848,-,BlackRock Emerging Markets Local Currency Bond Fund,4.29,0.23,12.80,USD,12.80,-4.81
229867,-,BlackRock Emerging Markets Local Currency Bond Fund,7.30,0.27,13.40,AUD,13.40,-7.25
229849,-,BlackRock Emerging Markets Local Currency Bond Fund,16.26,0.74,16.50,EUR,16.50,16.67
229850,-,BlackRock Emerging Markets Local Currency Bond Fund,17.51,0.29,12.94,USD,12.94,-18.67
283748,-,BlackRock Emerging Markets Local Currency Bond Fund,10.02,0.40,2.37,USD,-,-
283773,-,BlackRock Emerging Markets Local Currency Bond Fund,10.25,0.39,2.21,CAD,-,5.24
283747,-,BlackRock Emerging Markets Local Currency Bond Fund,9.95,0.30,2.29,GBP,-,-
283767,-,BlackRock Emerging Markets Local Currency Bond Fund,102.53,0.32,2.30,HKD,-,5.31
271040,-,BlackRock Emerging Markets Local Currency Bond Fund,8.25,0.36,13.38,AUD,13.38,-5.99
283771,-,BlackRock Emerging Markets Local Currency Bond Fund,10.26,0.39,2.33,NZD,-,-
271041,-,BlackRock Emerging Markets Local Currency Bond Fund,83.79,0.34,18.42,ZAR,18.42,1.94
229856,-,BlackRock Emerging Markets Local Currency Bond Fund,4.26,0.24,2.26,USD,14.32,-8.86
229857,-,BlackRock Emerging Markets Local Currency Bond Fund,18.99,0.80,-0.11,EUR,15.01,10.15
229294,-,BlackRock Emerging Markets Local Currency Bond Fund,20.45,0.34,2.22,USD,14.53,-8.70
228369, ,BlackRock Euro Bond Fund,19.03,-0.05,3.09,EUR,3.09,108.10
228677, ,BlackRock Euro Bond Fund,20.49,-0.53,-0.04,USD,-0.04,155.15
228379, ,BlackRock Euro Bond Fund,28.03,-0.07,3.12,EUR,3.12,231.46
228676, ,BlackRock Euro Bond Fund,30.18,-0.53,-0.03,USD,-0.03,149.17
285320,-,BlackRock Euro Bond Fund,97.84,-0.08,-,PLN,-,-
246713,-,BlackRock Euro Bond Fund,11.93,-0.17,4.31,USD,4.31,20.90
228383, ,BlackRock Euro Bond Fund,19.02,-0.11,3.15,EUR,3.15,79.70
228678, ,BlackRock Euro Bond Fund,20.48,-0.58,-0.03,USD,-0.03,67.62
228378, ,BlackRock Euro Bond Fund,25.52,-0.08,3.09,EUR,3.09,36.80
228675, ,BlackRock Euro Bond Fund,22.10,0.09,19.52,GBP,19.52,39.36
228371, ,BlackRock Euro Bond Fund,18.25,-0.11,-1.56,EUR,-0.65,57.63
228382, ,BlackRock Euro Bond Fund,22.23,-0.09,-1.59,EUR,-0.63,51.84
228673, ,BlackRock Euro Bond Fund,23.94,-0.54,0.76,USD,-1.03,72.37
228242, ,BlackRock Euro Corporate Bond Fund,13.25,0.08,4.85,EUR,4.85,57.75
229601,-,BlackRock Euro Corporate Bond Fund,16.11,0.00,4.86,EUR,4.86,50.37
284350,-,BlackRock Euro Corporate Bond Fund,9.88,0.00,-,CHF,-,-
284345,-,BlackRock Euro Corporate Bond Fund,9.95,0.00,-,GBP,-,-
284344,-,BlackRock Euro Corporate Bond Fund,9.99,0.00,-,USD,-,-
229134,-,BlackRock Euro Corporate Bond Fund,13.01,0.08,4.85,EUR,4.85,60.20
229603,-,BlackRock Euro Corporate Bond Fund,13.60,0.07,-0.80,EUR,2.81,30.89
229607,-,BlackRock Euro Reserve Fund,73.64,0.00,-0.30,EUR,-0.30,0.41
229609,-,BlackRock Euro Reserve Fund,70.46,0.00,-0.03,EUR,-0.33,0.36
228429, ,BlackRock Euro Short Duration Bond Fund,12.26,0.00,0.48,EUR,0.48,54.89
228419, ,BlackRock Euro Short Duration Bond Fund,15.94,0.06,0.57,EUR,0.57,59.88
228427, ,BlackRock Euro Short Duration Bond Fund,10.90,0.00,-0.09,CHF,-0.09,9.10
228425, ,BlackRock Euro Short Duration Bond Fund,11.64,0.09,1.66,USD,1.66,16.20
228435, ,BlackRock Euro Short Duration Bond Fund,12.27,0.00,0.48,EUR,0.48,36.00
228422, ,BlackRock Euro Short Duration Bond Fund,14.97,0.00,0.52,EUR,0.52,13.72
228423, ,BlackRock Euro Short Duration Bond Fund,10.92,0.00,1.30,GBP,1.30,17.94
228426, ,BlackRock Euro Short Duration Bond Fund,10.93,0.09,1.68,USD,1.68,15.27
228433, ,BlackRock Euro Short Duration Bond Fund,12.73,0.08,-0.16,EUR,-0.63,20.11
229611,-,BlackRock Euro-Markets Fund,26.63,0.49,-0.83,EUR,-0.83,163.10
229136,-,BlackRock Euro-Markets Fund,28.67,0.03,-3.88,USD,-3.88,-
229617,-,BlackRock Euro-Markets Fund,16.10,0.50,-1.55,CHF,-1.55,59.10
258499,-,BlackRock Euro-Markets Fund,12.15,0.50,-1.56,GBP,-1.56,19.90
277129,-,BlackRock Euro-Markets Fund,17.86,0.39,0.52,SGD,6.36,-0.23
257477,-,BlackRock Euro-Markets Fund,12.53,0.56,-0.32,USD,-0.32,23.60
229612,-,BlackRock Euro-Markets Fund,23.52,0.51,-0.84,EUR,-0.84,220.32
229613,-,BlackRock Euro-Markets Fund,21.85,0.64,14.92,GBP,14.92,73.08
229137,-,BlackRock Euro-Markets Fund,21.39,0.47,0.24,EUR,4.17,116.65
229616,-,BlackRock Euro-Markets Fund,23.04,0.04,2.60,USD,3.76,105.59
229638,-,BlackRock European Equity Income Fund,17.78,0.40,-6.93,EUR,-6.93,76.00
271486,-,BlackRock European Equity Income Fund,11.26,0.45,-6.47,USD,-6.47,11.30
229636,-,BlackRock European Equity Income Fund,14.55,0.41,-6.86,EUR,-6.86,69.91
229639,-,BlackRock European Equity Income Fund,13.78,0.44,-6.87,EUR,-6.87,76.17
259265,-,BlackRock European Equity Income Fund,19.00,0.42,-6.47,USD,-6.47,24.87
262188,-,BlackRock European Equity Income Fund,10.29,0.39,-6.93,EUR,-6.93,14.49
262734,-,BlackRock European Equity Income Fund,12.88,0.39,-7.60,GBP,-7.60,16.90
262732,-,BlackRock European Equity Income Fund,168.59,0.43,-6.92,HKD,-6.92,16.86
260610,-,BlackRock European Equity Income Fund,10.70,0.38,-6.28,SGD,-6.28,19.95
260611,-,BlackRock European Equity Income Fund,10.64,0.47,-6.46,USD,-6.46,19.34
260612,-,BlackRock European Equity Income Fund,10.80,0.37,-5.33,AUD,-5.33,25.31
273472,-,BlackRock European Equity Income Fund,8.67,0.46,-6.77,CAD,-6.77,-8.70
273473,-,BlackRock European Equity Income Fund,8.72,0.35,-4.48,NZD,-4.48,-4.49
229648,-,BlackRock European Fund,107.82,0.31,-5.60,EUR,-5.60,357.77
229649,-,BlackRock European Fund,116.09,-0.15,-8.50,USD,-8.50,323.73
260719,-,BlackRock European Fund,11.08,0.36,-4.23,AUD,-4.23,8.60
260708,-,BlackRock European Fund,10.64,0.28,-5.43,CAD,-5.43,4.50
260729,-,BlackRock European Fund,10.52,0.29,-6.43,GBP,-6.43,3.40
230105,-,BlackRock European Fund,15.26,0.33,-5.61,HKD,-5.61,49.80
260709,-,BlackRock European Fund,11.40,0.26,-3.37,NZD,-3.37,11.80
257101,-,BlackRock European Fund,11.96,0.34,-5.02,SGD,-5.02,17.40
229656,-,BlackRock European Fund,15.37,0.33,-5.22,USD,-5.22,50.80
229650,-,BlackRock European Fund,102.79,0.31,-5.60,EUR,-5.60,130.53
229651,-,BlackRock European Fund,89.11,0.46,9.38,GBP,9.38,56.04
229652,-,BlackRock European Fund,85.85,0.30,0.51,EUR,0.86,101.93
229146,-,BlackRock European Fund,92.44,-0.15,2.86,USD,0.45,89.11
229661,-,BlackRock European Special Situations Fund,37.23,0.30,-7.12,EUR,-7.12,261.40
229662,-,BlackRock European Special Situations Fund,40.08,-0.17,-9.97,USD,-9.97,285.44
260716,-,BlackRock European Special Situations Fund,12.95,0.23,-5.50,AUD,-5.50,25.50
260727,-,BlackRock European Special Situations Fund,12.43,0.24,-6.66,CAD,-6.66,20.60
260717,-,BlackRock European Special Situations Fund,12.20,0.25,-8.00,GBP,-8.00,18.40
257475,-,BlackRock European Special Situations Fund,13.61,0.37,-6.65,USD,-6.65,31.90
229664,-,BlackRock European Special Situations Fund,31.55,0.29,2.02,EUR,0.06,212.90
229149,-,BlackRock European Special Situations Fund,33.97,-0.18,4.42,USD,-0.35,210.19
229673,-,BlackRock European Value Fund,65.43,0.51,-0.35,EUR,-0.35,316.32
229674,-,BlackRock European Value Fund,56.46,0.68,15.47,GBP,15.47,216.75
229158,-,BlackRock European Value Fund,70.45,0.04,-3.42,USD,-3.42,252.78
260730,-,BlackRock European Value Fund,11.95,0.50,1.12,AUD,1.12,17.60
260720,-,BlackRock European Value Fund,113.49,0.51,-0.50,HKD,-0.50,11.89
260710,-,BlackRock European Value Fund,11.44,0.53,0.18,USD,0.18,12.70
229159,-,BlackRock European Value Fund,51.96,0.52,-0.37,EUR,-0.37,157.05
229160,-,BlackRock European Value Fund,47.90,0.67,15.45,GBP,15.45,154.87
229675,-,BlackRock European Value Fund,50.03,0.50,0.02,EUR,5.84,73.54
229164,-,BlackRock European Value Fund,41.40,0.00,0.00,GBP,16.52,138.34
229676,-,BlackRock European Value Fund,53.87,0.06,2.36,USD,5.41,89.66
259391,-,BlackRock Fixed Income Global Opportunities Fund,9.30,0.54,5.68,EUR,5.68,35.79
259260,-,BlackRock Fixed Income Global Opportunities Fund,10.02,0.10,2.43,USD,2.43,5.69
259394,-,BlackRock Fixed Income Global Opportunities Fund,12.58,0.64,5.72,EUR,5.72,37.99
228362, ,BlackRock Fixed Income Global Opportunities Fund,13.54,0.15,2.44,USD,2.44,34.50
270554,-,BlackRock Fixed Income Global Opportunities Fund,10.01,0.10,0.61,CHF,0.61,-0.30
228366, ,BlackRock Fixed Income Global Opportunities Fund,9.90,0.10,1.03,EUR,1.03,27.43
272437,-,BlackRock Fixed Income Global Opportunities Fund,10.12,0.10,2.03,GBP,2.03,0.60
259488,-,BlackRock Fixed Income Global Opportunities Fund,"1,032.00",0.10,1.08,JPY,1.08,2.60
228367, ,BlackRock Fixed Income Global Opportunities Fund,14.95,0.13,3.06,PLN,3.06,48.40
270555,-,BlackRock Fixed Income Global Opportunities Fund,100.81,0.12,0.88,SEK,0.88,0.32
228356, ,BlackRock Fixed Income Global Opportunities Fund,19.85,0.15,2.55,SGD,2.55,28.24
259388,-,BlackRock Fixed Income Global Opportunities Fund,9.29,0.54,5.68,EUR,5.68,35.81
259261,-,BlackRock Fixed Income Global Opportunities Fund,10.01,0.10,2.53,USD,2.53,5.60
271487,-,BlackRock Fixed Income Global Opportunities Fund,9.95,0.10,2.48,USD,2.48,1.98
257611,-,BlackRock Fixed Income Global Opportunities Fund,10.03,0.10,1.18,EUR,1.18,5.43
228357, ,BlackRock Fixed Income Global Opportunities Fund,10.03,0.20,2.43,USD,2.43,34.44
228360, ,BlackRock Fixed Income Global Opportunities Fund,7.30,0.14,0.97,EUR,0.97,27.34
228361, ,BlackRock Fixed Income Global Opportunities Fund,14.67,0.14,2.56,SGD,2.56,26.97
262189,-,BlackRock Fixed Income Global Opportunities Fund,12.35,0.16,2.44,USD,2.44,2.78
262733,-,BlackRock Fixed Income Global Opportunities Fund,95.57,0.12,2.02,HKD,2.02,2.70
271738,-,BlackRock Fixed Income Global Opportunities Fund,9.60,0.10,3.61,AUD,3.61,4.73
259389,-,BlackRock Fixed Income Global Opportunities Fund,9.30,0.54,-1.95,EUR,3.07,28.47
259262,-,BlackRock Fixed Income Global Opportunities Fund,10.02,0.10,0.37,USD,2.61,2.13
259392,-,BlackRock Fixed Income Global Opportunities Fund,11.11,0.54,-1.95,EUR,3.08,30.27
228364, ,BlackRock Fixed Income Global Opportunities Fund,11.96,0.08,0.42,USD,2.67,19.40
228359, ,BlackRock Fixed Income Global Opportunities Fund,9.98,0.10,0.30,USD,2.61,19.19
229682,-,BlackRock Flexible Multi-Asset Fund,13.98,0.43,0.87,EUR,0.87,37.23
229685,-,BlackRock Flexible Multi-Asset Fund,33.52,0.48,1.49,USD,1.49,28.58
229683,-,BlackRock Flexible Multi-Asset Fund,12.22,0.41,-0.41,EUR,4.11,31.57
229686,-,BlackRock Flexible Multi-Asset Fund,26.80,0.49,-0.30,USD,4.83,17.84
228272, ,BlackRock Global Allocation Fund,47.97,0.59,6.52,EUR,6.52,146.94
228299, ,BlackRock Global Allocation Fund,"14,835.90",0.79,4.20,HUF,4.20,72.16
228333, ,BlackRock Global Allocation Fund,51.65,0.14,3.24,USD,3.24,266.20
228294, ,BlackRock Global Allocation Fund,15.57,0.13,4.23,AUD,4.23,55.87
228289, ,BlackRock Global Allocation Fund,11.52,0.09,1.52,CHF,1.52,13.54
228273, ,BlackRock Global Allocation Fund,34.88,0.11,2.15,EUR,2.15,57.78
228274, ,BlackRock Global Allocation Fund,27.87,0.11,2.51,GBP,2.51,54.66
230109,-,BlackRock Global Allocation Fund,12.65,0.16,2.73,HKD,2.73,24.10
228295, ,BlackRock Global Allocation Fund,15.17,0.13,3.69,PLN,3.69,48.80
228280, ,BlackRock Global Allocation Fund,12.45,0.16,3.30,SGD,3.30,22.10
228291, ,BlackRock Global Allocation Fund,47.04,0.62,6.53,EUR,6.53,104.23
228310, ,BlackRock Global Allocation Fund,50.64,0.14,3.25,USD,3.25,26.18
228275, ,BlackRock Global Allocation Fund,32.69,0.12,2.16,EUR,2.16,37.92
228301, ,BlackRock Global Allocation Fund,38.07,0.58,-0.89,EUR,8.96,83.24
228302, ,BlackRock Global Allocation Fund,41.00,0.15,1.44,USD,8.53,80.66
228290, ,BlackRock Global Allocation Fund,27.70,0.11,1.25,EUR,7.31,38.09
228652, ,BlackRock Global Corporate Bond Fund,12.96,0.23,4.36,USD,4.36,29.30
228651, ,BlackRock Global Corporate Bond Fund,12.48,0.24,2.81,EUR,2.81,24.23
271741,-,BlackRock Global Corporate Bond Fund,99.19,0.19,2.62,SEK,2.62,-0.87
283768,-,BlackRock Global Corporate Bond Fund,10.08,0.20,0.20,SGD,-,0.70
241456,-,BlackRock Global Corporate Bond Fund,11.33,0.27,5.48,AUD,5.48,24.94
241457,-,BlackRock Global Corporate Bond Fund,10.53,0.19,4.11,CAD,4.11,16.30
241458,-,BlackRock Global Corporate Bond Fund,10.35,0.19,3.95,GBP,3.95,14.33
241415,-,BlackRock Global Corporate Bond Fund,11.41,0.18,5.93,NZD,5.93,26.62
228653, ,BlackRock Global Corporate Bond Fund,9.15,0.11,2.90,EUR,2.90,24.89
241416,-,BlackRock Global Corporate Bond Fund,10.34,0.19,4.37,USD,4.37,13.18
230111,-,BlackRock Global Corporate Bond Fund,10.76,0.19,4.32,USD,4.32,19.17
230112,-,BlackRock Global Corporate Bond Fund,82.46,0.22,3.91,HKD,3.91,17.96
284106,-,BlackRock Global Corporate Bond Fund,9.76,0.21,0.07,SGD,-,-0.64
246686,-,BlackRock Global Corporate Bond Fund,10.87,0.18,5.57,AUD,5.57,19.90
271373,-,BlackRock Global Corporate Bond Fund,9.57,0.21,5.96,NZD,5.96,7.93
229693,-,BlackRock Global Dynamic Equity Fund,16.28,0.74,8.77,EUR,8.77,92.99
229698,-,BlackRock Global Dynamic Equity Fund,17.53,0.29,5.41,USD,5.41,71.40
229694,-,BlackRock Global Dynamic Equity Fund,12.13,0.33,4.85,EUR,4.85,16.36
229690,-,BlackRock Global Dynamic Equity Fund,16.28,0.80,8.74,EUR,8.74,165.40
229168,-,BlackRock Global Dynamic Equity Fund,14.22,0.78,-0.84,EUR,15.40,67.34
229699,-,BlackRock Global Dynamic Equity Fund,15.31,0.33,1.47,USD,14.88,52.10
229695,-,BlackRock Global Dynamic Equity Fund,10.81,0.37,1.32,EUR,14.13,7.40
229706,-,BlackRock Global Enhanced Equity Yield Fund,12.12,0.41,5.04,USD,5.04,18.80
229703,-,BlackRock Global Enhanced Equity Yield Fund,8.07,0.37,3.94,EUR,3.94,-0.88
229171,-,BlackRock Global Enhanced Equity Yield Fund,10.19,0.39,4.94,SGD,4.94,-3.48
229707,-,BlackRock Global Enhanced Equity Yield Fund,5.20,0.39,4.91,USD,4.91,18.06
229704,-,BlackRock Global Enhanced Equity Yield Fund,4.00,0.50,4.05,EUR,4.05,0.87
270404,-,BlackRock Global Enhanced Equity Yield Fund,8.84,0.34,4.89,USD,4.89,2.73
270402,-,BlackRock Global Enhanced Equity Yield Fund,8.78,0.34,4.15,GBP,4.15,2.22
270403,-,BlackRock Global Enhanced Equity Yield Fund,87.89,0.40,4.52,HKD,4.52,2.18
270405,-,BlackRock Global Enhanced Equity Yield Fund,8.76,0.34,5.79,AUD,5.79,5.42
270406,-,BlackRock Global Enhanced Equity Yield Fund,8.72,0.35,4.17,CAD,4.17,2.05
270407,-,BlackRock Global Enhanced Equity Yield Fund,8.77,0.46,6.44,NZD,6.44,7.11
229710,-,BlackRock Global Enhanced Equity Yield Fund,10.65,0.38,1.53,USD,10.64,6.10
229711,-,BlackRock Global Enhanced Equity Yield Fund,5.19,0.39,1.57,USD,10.57,5.64
249552,-,BlackRock Global Equity Income Fund,13.91,0.80,7.53,EUR,7.53,52.51
229725,-,BlackRock Global Equity Income Fund,14.98,0.40,4.31,USD,4.31,47.70
270121,-,BlackRock Global Equity Income Fund,10.23,0.29,2.54,CHF,2.54,1.10
229731,-,BlackRock Global Equity Income Fund,13.41,0.37,3.11,EUR,3.11,32.50
229724,-,BlackRock Global Equity Income Fund,15.85,0.38,4.48,PLN,4.48,56.20
229732,-,BlackRock Global Equity Income Fund,13.92,0.36,4.17,SGD,4.17,37.30
229726,-,BlackRock Global Equity Income Fund,11.60,0.87,7.59,EUR,7.59,70.54
286067,-,BlackRock Global Equity Income Fund,10.68,0.09,1.37,EUR,-,-
229175,-,BlackRock Global Equity Income Fund,9.91,1.02,24.56,GBP,24.56,91.18
228639, ,BlackRock Global Equity Income Fund,12.38,0.41,4.30,USD,4.30,47.66
229733,-,BlackRock Global Equity Income Fund,11.34,0.35,3.14,EUR,3.14,31.09
229734,-,BlackRock Global Equity Income Fund,11.94,0.34,4.18,SGD,4.18,37.31
229727,-,BlackRock Global Equity Income Fund,12.71,0.39,4.23,USD,4.23,35.96
259500,-,BlackRock Global Equity Income Fund,99.45,0.35,3.82,HKD,3.82,8.04
256059,-,BlackRock Global Equity Income Fund,10.27,0.39,4.18,SGD,4.18,13.52
256057,-,BlackRock Global Equity Income Fund,10.25,0.39,5.16,AUD,5.16,19.83
260711,-,BlackRock Global Equity Income Fund,102.74,0.36,10.41,ZAR,10.41,25.78
228243, ,BlackRock Global Equity Income Fund,13.11,0.31,1.39,USD,8.33,31.30
229176,-,BlackRock Global Equity Income Fund,10.97,0.37,1.48,USD,8.37,31.37
229738,-,BlackRock Global Government Bond Fund,20.01,-0.05,2.83,USD,2.83,80.42
229181,-,BlackRock Global Government Bond Fund,18.74,-0.05,1.39,EUR,1.39,68.95
229178,-,BlackRock Global Government Bond Fund,27.75,-0.04,2.87,USD,2.87,347.79
229744,-,BlackRock Global Government Bond Fund,25.57,-0.04,1.38,EUR,1.38,-
229179,-,BlackRock Global Government Bond Fund,20.04,-0.05,2.82,USD,2.82,58.64
229182,-,BlackRock Global Government Bond Fund,18.58,-0.05,1.35,EUR,1.35,43.70
284719,-,BlackRock Global Government Bond Fund,9.66,0.00,-0.67,GBP,-,-
284720,-,BlackRock Global Government Bond Fund,96.72,-0.03,-0.70,HKD,-,-
228269, ,BlackRock Global Government Bond Fund,18.85,-0.05,-0.74,USD,-0.53,35.29
229183,-,BlackRock Global Government Bond Fund,17.86,-0.06,-0.89,EUR,-2.03,27.96
229741,-,BlackRock Global Government Bond Fund,22.03,-0.05,-0.72,USD,-0.50,34.08
229184,-,BlackRock Global Government Bond Fund,20.34,-0.05,-0.88,EUR,-2.02,28.17
229180,-,BlackRock Global Government Bond Fund,19.78,-0.05,-0.75,USD,-0.50,25.01
229185,-,BlackRock Global High Yield Bond Fund,7.90,0.13,12.32,USD,12.32,61.91
229190,-,BlackRock Global High Yield Bond Fund,5.54,0.00,11.05,EUR,11.05,114.62
229755,-,BlackRock Global High Yield Bond Fund,23.01,0.09,12.22,USD,12.22,63.64
229191,-,BlackRock Global High Yield Bond Fund,16.10,0.12,11.04,EUR,11.04,113.58
229758,-,BlackRock Global High Yield Bond Fund,17.15,0.12,11.90,GBP,11.90,39.60
244124,-,BlackRock Global High Yield Bond Fund,12.94,0.15,12.94,PLN,12.94,27.40
230114,-,BlackRock Global High Yield Bond Fund,12.74,0.08,10.64,SEK,10.64,25.80
229756,-,BlackRock Global High Yield Bond Fund,7.94,0.13,12.11,USD,12.11,61.65
229759,-,BlackRock Global High Yield Bond Fund,5.48,0.00,11.06,EUR,11.06,90.71
270728,-,BlackRock Global High Yield Bond Fund,11.42,0.62,15.85,EUR,15.85,26.95
228328, ,BlackRock Global High Yield Bond Fund,7.20,0.14,12.32,USD,12.32,26.67
230113,-,BlackRock Global High Yield Bond Fund,55.59,0.11,11.74,HKD,11.74,29.76
246684,-,BlackRock Global High Yield Bond Fund,7.11,0.00,13.46,AUD,13.46,23.91
260725,-,BlackRock Global High Yield Bond Fund,92.77,0.13,19.73,ZAR,19.73,26.19
229757,-,BlackRock Global High Yield Bond Fund,8.09,0.00,1.16,USD,13.84,120.16
229193,-,BlackRock Global High Yield Bond Fund,5.67,0.00,1.00,EUR,12.61,79.29
229188,-,BlackRock Global High Yield Bond Fund,20.50,0.10,1.09,USD,13.80,58.40
229760,-,BlackRock Global High Yield Bond Fund,13.17,0.15,1.00,EUR,12.60,82.99
228341, ,BlackRock Global Inflation Linked Bond Fund,14.16,-0.28,8.83,USD,8.83,41.70
228342, ,BlackRock Global Inflation Linked Bond Fund,13.57,-0.29,7.26,EUR,7.26,36.00
228343, ,BlackRock Global Inflation Linked Bond Fund,13.75,-0.22,8.78,USD,8.78,40.05
228344, ,BlackRock Global Inflation Linked Bond Fund,12.74,-0.23,0.00,USD,5.89,27.60
228345, ,BlackRock Global Inflation Linked Bond Fund,12.74,-0.31,0.08,USD,5.89,27.70
271614,-,BlackRock Global Multi-Asset Income Fund,11.51,0.61,4.03,EUR,3.93,11.32
230304,-,BlackRock Global Multi-Asset Income Fund,12.40,0.16,5.34,USD,5.34,22.40
283038,-,BlackRock Global Multi-Asset Income Fund,10.69,0.09,0.86,CHF,-,5.70
264288,-,BlackRock Global Multi-Asset Income Fund,10.26,0.10,4.00,EUR,4.00,1.50
279636,-,BlackRock Global Multi-Asset Income Fund,10.12,0.10,1.00,USD,9.23,5.84
283039,-,BlackRock Global Multi-Asset Income Fund,10.41,0.10,0.88,CHF,-,5.65
261608,-,BlackRock Global Multi-Asset Income Fund,9.21,0.22,4.18,EUR,4.18,3.74
284105,-,BlackRock Global Multi-Asset Income Fund,10.21,0.10,0.99,USD,-,4.49
256060,-,BlackRock Global Multi-Asset Income Fund,10.02,0.20,6.42,AUD,6.42,18.14
251179,-,BlackRock Global Multi-Asset Income Fund,9.13,0.11,5.47,SGD,5.47,9.67
230305,-,BlackRock Global Multi-Asset Income Fund,9.63,0.21,5.34,USD,5.34,22.40
271076,-,BlackRock Global Multi-Asset Income Fund,9.01,0.11,4.25,EUR,4.25,1.04
230306,-,BlackRock Global Multi-Asset Income Fund,95.35,0.15,4.91,HKD,4.91,21.14
256058,-,BlackRock Global Multi-Asset Income Fund,9.26,0.11,5.46,SGD,5.46,11.99
246685,-,BlackRock Global Multi-Asset Income Fund,9.71,0.21,6.52,AUD,6.52,18.05
259502,-,BlackRock Global Multi-Asset Income Fund,9.05,0.22,4.98,CAD,4.98,7.72
259501,-,BlackRock Global Multi-Asset Income Fund,9.09,0.11,4.87,GBP,4.87,7.04
256061,-,BlackRock Global Multi-Asset Income Fund,9.28,0.11,7.09,NZD,7.09,20.67
259400,-,BlackRock Global Multi-Asset Income Fund,10.55,0.09,0.96,USD,7.78,5.30
260756,-,BlackRock Global Multi-Asset Income Fund,9.63,0.21,4.01,USD,4.01,2.55
275467,-,BlackRock Global Multi-Asset Income Fund,9.48,0.64,4.05,EUR,3.83,-0.62
229197,-,BlackRock Global Opportunities Fund,41.39,0.90,6.06,EUR,6.06,66.01
229769,-,BlackRock Global Opportunities Fund,44.57,0.45,2.83,USD,2.83,325.65
271618,-,BlackRock Global Opportunities Fund,10.95,0.46,2.83,SGD,2.83,5.20
271620,-,BlackRock Global Opportunities Fund,13.19,1.07,1.57,GBP,31.94,29.70
271619,-,BlackRock Global Opportunities Fund,10.91,0.46,2.86,USD,16.04,7.80
229198,-,BlackRock Global Opportunities Fund,35.79,0.45,2.76,USD,14.61,151.56
229772,-,BlackRock Global SmallCap Fund,84.93,0.58,10.51,EUR,10.51,246.39
229773,-,BlackRock Global SmallCap Fund,91.45,0.12,7.11,USD,7.11,808.14
260712,-,BlackRock Global SmallCap Fund,10.52,0.10,7.84,AUD,7.84,1.80
229775,-,BlackRock Global SmallCap Fund,68.44,0.57,-0.38,EUR,22.64,191.11
229776,-,BlackRock Global SmallCap Fund,73.69,0.11,1.95,USD,22.14,149.90
271015,-,BlackRock Hong Kong Government Bond Index Fund,104.46,0.00,0.58,HKD,0.96,4.48
229202,-,BlackRock India Fund,29.00,0.87,4.93,EUR,4.93,253.07
229782,-,BlackRock India Fund,31.22,0.39,1.75,USD,1.75,56.08
229203,-,BlackRock India Fund,25.16,1.00,21.65,GBP,21.65,127.18
229206,-,BlackRock India Fund,24.85,0.85,3.24,EUR,14.18,212.68
229207,-,BlackRock India Fund,26.75,0.38,5.65,USD,13.69,158.20
229280,-,BlackRock Japan Flexible Equity Fund,10.88,0.18,3.87,EUR,3.87,42.44
229814,-,BlackRock Japan Flexible Equity Fund,"1,320.00",0.00,-3.10,JPY,-3.10,25.82
229815,-,BlackRock Japan Flexible Equity Fund,11.72,-0.26,-0.09,USD,-0.09,12.40
229283,-,BlackRock Japan Flexible Equity Fund,8.27,0.00,-4.41,EUR,-4.41,-21.39
254578,-,BlackRock Japan Flexible Equity Fund,12.62,0.00,-4.35,USD,-4.35,25.40
229281,-,BlackRock Japan Flexible Equity Fund,9.28,0.32,20.91,GBP,20.91,76.16
229282,-,BlackRock Japan Flexible Equity Fund,9.38,0.11,1.51,EUR,13.92,24.80
229819,-,BlackRock Japan Flexible Equity Fund,"1,138.00",0.00,0.80,JPY,4.78,9.50
229820,-,BlackRock Japan Flexible Equity Fund,10.10,-0.30,4.74,USD,13.52,1.60
229802,-,BlackRock Japan Small & MidCap Opportunities Fund,51.26,0.33,8.80,EUR,8.80,79.22
229803,-,BlackRock Japan Small & MidCap Opportunities Fund,"6,217.00",0.18,1.44,JPY,1.44,342.37
229277,-,BlackRock Japan Small & MidCap Opportunities Fund,55.19,-0.14,4.55,USD,4.55,431.30
229800,-,BlackRock Japan Small & MidCap Opportunities Fund,40.57,0.20,0.20,EUR,0.20,-12.28
253389,-,BlackRock Japan Small & MidCap Opportunities Fund,11.68,0.17,0.52,USD,0.52,16.50
229804,-,BlackRock Japan Small & MidCap Opportunities Fund,44.17,0.50,26.51,GBP,26.51,625.31
229806,-,BlackRock Japan Small & MidCap Opportunities Fund,"4,961.00",0.18,0.44,JPY,8.22,50.32
229807,-,BlackRock Japan Small & MidCap Opportunities Fund,44.04,-0.14,4.38,USD,17.16,54.01
229826,-,BlackRock Latin American Fund,58.53,-1.51,28.94,EUR,28.94,311.63
229285,-,BlackRock Latin American Fund,49.91,-0.62,49.43,GBP,49.43,517.57
229286,-,BlackRock Latin American Fund,62.07,-1.23,24.96,USD,24.96,300.22
260713,-,BlackRock Latin American Fund,9.64,-1.23,24.49,AUD,24.49,-14.10
229834,-,BlackRock Latin American Fund,6.16,-1.12,23.04,CHF,23.04,-45.00
230117,-,BlackRock Latin American Fund,8.52,-1.16,24.43,HKD,24.43,-24.10
229835,-,BlackRock Latin American Fund,8.28,-1.19,24.49,PLN,24.49,-26.30
229836,-,BlackRock Latin American Fund,6.10,-1.13,23.97,SGD,23.97,-45.70
229827,-,BlackRock Latin American Fund,55.99,-1.51,28.97,EUR,28.97,75.38
229829,-,BlackRock Latin American Fund,46.99,-0.63,49.42,GBP,49.42,208.44
229288,-,BlackRock Latin American Fund,46.11,-1.52,7.40,EUR,44.03,330.01
229831,-,BlackRock Latin American Fund,48.90,-1.23,9.90,USD,43.48,306.36
230004,-,BlackRock Natural Resources Growth & Income Fund,8.39,-0.47,32.13,USD,32.13,-19.40
230002,-,BlackRock Natural Resources Growth & Income Fund,7.02,-0.57,32.22,USD,32.22,-16.43
271262,-,BlackRock Natural Resources Growth & Income Fund,6.32,0.00,36.25,EUR,36.25,10.44
230003,-,BlackRock Natural Resources Growth & Income Fund,6.80,-0.58,32.11,USD,32.11,-20.32
284015,-,BlackRock Natural Resources Growth & Income Fund,11.36,-0.53,4.16,USD,-,14.94
229298,-,BlackRock New Energy Fund,7.35,0.55,4.60,EUR,4.60,-34.86
229299,-,BlackRock New Energy Fund,7.92,0.13,1.32,USD,1.32,-32.36
229871,-,BlackRock New Energy Fund,7.33,0.41,4.47,EUR,4.47,34.73
229300,-,BlackRock New Energy Fund,6.35,0.79,21.09,GBP,21.09,7.84
229875,-,BlackRock New Energy Fund,6.09,0.66,0.00,EUR,10.87,11.83
229876,-,BlackRock New Energy Fund,6.55,0.00,2.36,USD,10.54,21.95
229883,-,BlackRock Pacific Equity Fund,32.04,0.31,4.89,EUR,4.89,-
229303,-,BlackRock Pacific Equity Fund,27.65,0.47,21.49,GBP,21.49,167.35
229884,-,BlackRock Pacific Equity Fund,34.50,-0.14,1.67,USD,1.67,223.40
229304,-,BlackRock Pacific Equity Fund,25.77,0.31,4.01,EUR,18.45,152.01
229305,-,BlackRock Pacific Equity Fund,27.75,-0.14,6.45,USD,17.96,110.80
270079,-,BlackRock Premier Asia ex-Japan Equity Index Fund,104.08,0.10,6.55,HKD,20.96,1.38
281129,-,BlackRock Premier Asia Pacific Equity Income Fund,107.35,-0.35,-,RMB,-,-
281131,-,BlackRock Premier Asia Pacific Equity Income Fund,107.35,-0.35,-,RMB,-,-
281133,-,BlackRock Premier Asia Pacific Equity Income Fund,10.59,-0.35,-,USD,-,-
281126,-,BlackRock Premier Asian Enhanced Equity Yield Fund,11.81,-0.07,4.24,USD,12.29,15.00
281134,-,BlackRock Premier Asian Enhanced Equity Yield Fund,117.77,0.01,5.24,RMB,-,14.18
281127,-,BlackRock Premier Asian Enhanced Equity Yield Fund,11.12,-0.07,4.24,USD,12.29,15.00
281120,-,BlackRock Premier Asian Enhanced Equity Yield Fund,110.69,-0.07,4.22,HKD,11.80,14.46
281128,-,BlackRock Premier Asian Enhanced Equity Yield Fund,11.15,-0.06,4.28,AUD,12.89,15.59
281122,-,BlackRock Premier Asian Enhanced Equity Yield Fund,11.04,-0.07,4.17,CAD,11.46,14.12
281121,-,BlackRock Premier Asian Enhanced Equity Yield Fund,11.16,-0.06,4.30,NZD,13.55,16.27
281132,-,BlackRock Premier Asian Enhanced Equity Yield Fund,111.94,0.01,5.24,RMB,15.47,18.02
281124,-,BlackRock Premier Asian Growth Leaders Fund,108.92,-0.11,-,RMB,-,-
281130,-,BlackRock Premier Asian Growth Leaders Fund,10.75,-0.12,7.09,USD,-,5.35
257154,-,BlackRock Premier China A-Shares Fund,15.09,0.34,4.74,USD,16.25,47.03
281125,-,BlackRock Premier China Fund,110.52,-0.30,-,RMB,-,-
284707,-,BlackRock Premier China Fund,10.90,-0.30,-,USD,-,-
256484,-,BlackRock Premier Hong Kong Equity Index Fund,118.65,-0.73,6.19,HKD,23.40,15.25
268778,-,BlackRock Premier Horizon Aggressive Growth Fund,10.00,0.16,4.45,USD,20.19,-2.24
268779,-,BlackRock Premier Horizon Aggressive Growth Fund,9.95,0.16,4.42,USD,19.81,-2.75
268781,-,BlackRock Premier Horizon Growth Fund,10.27,0.05,2.37,USD,13.50,1.11
268782,-,BlackRock Premier Horizon Growth Fund,10.21,0.05,2.35,USD,12.88,0.56
276359,-,BlackRock Premier Horizon Income Fund,10.49,0.13,5.46,USD,5.46,2.34
276357,-,BlackRock Premier Horizon Income Fund,11.08,0.14,6.31,AUD,6.31,7.90
276356,-,BlackRock Premier Horizon Income Fund,104.25,0.13,4.89,HKD,4.89,1.70
276358,-,BlackRock Premier Horizon Income Fund,110.39,0.13,7.86,RMB,7.86,6.10
276350,-,BlackRock Premier Horizon Income Fund,-,-,-,USD,-,-
276354,-,BlackRock Premier Horizon Income Fund,9.90,0.13,5.46,USD,5.46,2.33
276353,-,BlackRock Premier Horizon Income Fund,98.29,0.13,4.95,HKD,4.95,1.67
276351,-,BlackRock Premier Horizon Income Fund,10.30,0.14,6.27,AUD,6.27,8.04
276355,-,BlackRock Premier Horizon Income Fund,100.66,0.13,8.01,RMB,8.01,6.17
276348,-,BlackRock Premier Japan Multi-Income Equity Fund,"1,119.55",0.47,-0.16,JPY,7.76,12.22
276349,-,BlackRock Premier Japan Multi-Income Equity Fund,-,-,-,USD,-,-
277050,-,BlackRock Premier Japan Multi-Income Equity Fund,106.05,0.47,-0.04,HKD,7.71,11.73
277049,-,BlackRock Premier Japan Multi-Income Equity Fund,10.65,0.47,-0.01,USD,7.74,12.22
277051,-,BlackRock Premier Japan Multi-Income Equity Fund,10.67,0.48,0.08,AUD,9.23,13.85
277054,-,BlackRock Premier Japan Multi-Income Equity Fund,108.50,0.55,0.97,RMB,11.85,17.43
286585,-,BlackRock Premier World Equity Index Fund,-,-,-,HKD,-,-
286584,-,BlackRock Premier World Government Bond Index Fund,-,-,-,HKD,-,-
228528, ,BlackRock Swiss Small & MidCap Opportunities Fund,367.36,0.51,12.09,CHF,12.09,139.74
228530, ,BlackRock United Kingdom Fund,109.69,0.27,-7.59,EUR,-7.59,78.04
228539, ,BlackRock United Kingdom Fund,94.65,0.42,7.07,GBP,7.07,"1,270.78"
228540, ,BlackRock United Kingdom Fund,118.10,-0.20,-10.44,USD,-10.44,121.36
228532, ,BlackRock United Kingdom Fund,81.32,0.42,7.07,GBP,7.07,"1,266.64"
250830,-,BlackRock United Kingdom Fund,87.95,0.26,-,EUR,-,-
229886,-,BlackRock United Kingdom Fund,75.89,0.41,0.12,GBP,12.08,112.74
228550, ,BlackRock US Basic Value Fund,74.75,1.44,20.11,EUR,20.11,133.15
228566, ,BlackRock US Basic Value Fund,64.50,1.59,39.17,GBP,39.17,152.32
228551, ,BlackRock US Basic Value Fund,80.48,0.97,16.41,USD,16.41,256.63
228576, ,BlackRock US Basic Value Fund,55.85,0.94,15.70,EUR,15.70,71.95
228581, ,BlackRock US Basic Value Fund,15.85,0.96,16.41,SGD,16.41,58.90
228640, ,BlackRock US Basic Value Fund,74.34,1.43,20.13,EUR,20.13,130.12
228552, ,BlackRock US Basic Value Fund,64.05,1.59,39.19,GBP,39.19,189.72
229309,-,BlackRock US Basic Value Fund,80.04,0.96,16.42,USD,16.42,163.21
229311,-,BlackRock US Basic Value Fund,61.16,0.96,-1.34,USD,23.83,95.45
229312,-,BlackRock US Basic Value Fund,50.51,0.94,-1.46,EUR,23.06,142.84
228565, ,BlackRock US Dollar Core Bond Fund,16.73,0.12,2.23,USD,2.23,55.96
228548, ,BlackRock US Dollar Core Bond Fund,31.01,0.16,2.19,USD,2.19,283.51
228571, ,BlackRock US Dollar Core Bond Fund,16.74,0.18,2.22,USD,2.22,58.60
284725,-,BlackRock US Dollar Core Bond Fund,9.61,0.21,0.36,GBP,-,-
284726,-,BlackRock US Dollar Core Bond Fund,97.05,0.15,0.31,HKD,-,-
228386, ,BlackRock US Dollar Core Bond Fund,15.74,0.13,0.21,USD,0.24,38.77
228569, ,BlackRock US Dollar Core Bond Fund,24.26,0.17,0.25,USD,0.29,31.22
228563, ,BlackRock US Dollar High Yield Bond Fund,5.80,0.17,13.20,USD,13.20,138.69
228564, ,BlackRock US Dollar High Yield Bond Fund,30.57,0.13,13.19,USD,13.19,201.30
228400, ,BlackRock US Dollar High Yield Bond Fund,15.46,0.06,14.51,AUD,14.51,52.30
269096,-,BlackRock US Dollar High Yield Bond Fund,10.38,0.10,11.41,CHF,11.41,2.50
228556, ,BlackRock US Dollar High Yield Bond Fund,199.98,0.10,12.15,EUR,12.15,62.85
228399, ,BlackRock US Dollar High Yield Bond Fund,13.46,0.07,13.42,SGD,13.42,32.70
228409, ,BlackRock US Dollar High Yield Bond Fund,5.85,0.00,13.10,USD,13.10,104.19
228398, ,BlackRock US Dollar High Yield Bond Fund,11.49,0.09,14.49,AUD,14.49,51.48
235473,-,BlackRock US Dollar High Yield Bond Fund,10.32,0.10,12.74,CAD,12.74,25.99
230310,-,BlackRock US Dollar High Yield Bond Fund,9.95,0.10,12.10,EUR,12.10,21.58
230311,-,BlackRock US Dollar High Yield Bond Fund,10.18,0.10,12.76,GBP,12.76,24.52
241418,-,BlackRock US Dollar High Yield Bond Fund,11.19,0.09,14.98,NZD,14.98,35.45
228397, ,BlackRock US Dollar High Yield Bond Fund,10.00,0.10,13.52,SGD,13.52,32.07
228404, ,BlackRock US Dollar High Yield Bond Fund,11.27,0.09,12.81,GBP,12.81,40.39
228393, ,BlackRock US Dollar High Yield Bond Fund,5.30,0.19,13.07,USD,13.07,29.93
228410, ,BlackRock US Dollar High Yield Bond Fund,40.75,0.10,12.72,HKD,12.72,24.41
280499,-,BlackRock US Dollar High Yield Bond Fund,10.10,-0.39,1.14,SGD,16.38,8.92
246709,-,BlackRock US Dollar High Yield Bond Fund,9.87,0.10,14.45,AUD,14.45,24.39
260726,-,BlackRock US Dollar High Yield Bond Fund,93.50,0.12,20.74,ZAR,20.74,26.80
228389, ,BlackRock US Dollar High Yield Bond Fund,5.81,0.17,1.19,USD,14.96,106.21
228570, ,BlackRock US Dollar High Yield Bond Fund,24.56,0.08,1.11,USD,14.80,77.74
228335, ,BlackRock US Dollar Reserve Fund,151.18,0.00,0.21,USD,0.21,61.80
228334, ,BlackRock US Dollar Reserve Fund,189.95,0.00,-0.05,GBP,-0.29,89.95
229887,-,BlackRock US Dollar Reserve Fund,150.49,0.01,0.03,USD,0.23,9.32
228579, ,BlackRock US Dollar Short Duration Bond Fund,8.56,0.12,1.43,USD,1.43,29.68
228575, ,BlackRock US Dollar Short Duration Bond Fund,13.03,0.08,1.33,USD,1.33,29.80
244102,-,BlackRock US Dollar Short Duration Bond Fund,10.17,0.10,0.00,EUR,0.00,1.50
228589, ,BlackRock US Dollar Short Duration Bond Fund,7.94,0.51,4.65,EUR,4.65,23.10
228337, ,BlackRock US Dollar Short Duration Bond Fund,8.55,0.00,1.31,USD,1.31,10.10
264287,-,BlackRock US Dollar Short Duration Bond Fund,9.84,0.00,1.60,SGD,1.60,2.19
229891,-,BlackRock US Dollar Short Duration Bond Fund,8.57,0.12,0.22,USD,0.14,8.89
229315,-,BlackRock US Dollar Short Duration Bond Fund,10.90,0.00,0.18,USD,0.18,9.00
228607, ,BlackRock US Flexible Equity Fund,26.31,0.96,11.80,EUR,11.80,158.14
228610, ,BlackRock US Flexible Equity Fund,28.33,0.53,8.37,USD,8.37,175.80
228608, ,BlackRock US Flexible Equity Fund,19.54,0.46,7.56,EUR,7.56,75.35
228613, ,BlackRock US Flexible Equity Fund,26.32,0.96,11.75,EUR,11.75,191.31
228609, ,BlackRock US Flexible Equity Fund,22.69,1.16,29.55,GBP,29.55,190.86
228614, ,BlackRock US Flexible Equity Fund,19.61,0.51,7.59,EUR,7.59,121.41
229316,-,BlackRock US Flexible Equity Fund,21.88,1.02,-0.69,EUR,19.91,113.43
228618, ,BlackRock US Flexible Equity Fund,23.55,0.47,1.66,USD,19.39,133.40
229894,-,BlackRock US Flexible Equity Fund,15.38,0.46,1.46,EUR,18.51,44.59
228597, ,BlackRock US Government Mortgage Fund,9.49,0.00,1.03,USD,1.03,422.08
228598, ,BlackRock US Government Mortgage Fund,18.59,0.05,0.98,USD,0.98,427.32
228603, ,BlackRock US Government Mortgage Fund,9.49,0.00,1.03,USD,1.03,53.26
228594, ,BlackRock US Government Mortgage Fund,10.02,0.10,-0.07,USD,-1.31,31.69
228601, ,BlackRock US Government Mortgage Fund,15.77,0.13,-0.13,USD,-1.38,29.71
228606, ,BlackRock US Growth Fund,14.35,0.63,1.89,EUR,1.89,127.97
228593, ,BlackRock US Growth Fund,15.45,0.13,-1.20,USD,-1.20,47.90
255011,-,BlackRock US Growth Fund,14.37,0.21,-2.20,EUR,-2.20,37.70
249678,-,BlackRock US Growth Fund,17.96,0.62,1.86,EUR,1.86,79.39
229900,-,BlackRock US Growth Fund,12.61,0.16,3.73,USD,12.38,61.47
228543, ,BlackRock US Small & MidCap Opportunities Fund,185.64,1.10,9.22,EUR,9.22,107.36
228531, ,BlackRock US Small & MidCap Opportunities Fund,199.88,0.63,5.87,USD,5.87,"1,879.53"
260714,-,BlackRock US Small & MidCap Opportunities Fund,11.96,0.59,6.78,AUD,6.78,16.60
228544, ,BlackRock US Small & MidCap Opportunities Fund,159.73,0.63,1.40,USD,18.20,172.48
229903,-,BlackRock World Agriculture Fund,12.95,0.39,9.19,HKD,9.19,24.80
229904,-,BlackRock World Agriculture Fund,12.96,0.39,9.17,USD,9.17,25.00
228321, ,BlackRock World Agriculture Fund,12.13,0.33,8.32,EUR,8.32,17.20
229910,-,BlackRock World Agriculture Fund,10.66,0.38,9.59,PLN,9.59,2.80
229911,-,BlackRock World Agriculture Fund,12.48,0.40,9.26,SGD,9.26,20.40
229912,-,BlackRock World Agriculture Fund,12.03,0.42,8.29,EUR,8.29,10.81
229913,-,BlackRock World Agriculture Fund,11.92,0.42,7.98,GBP,7.98,15.91
229905,-,BlackRock World Agriculture Fund,11.88,0.34,2.96,USD,20.39,18.10
228498, ,BlackRock World Bond Fund,55.12,0.02,2.67,USD,2.67,51.52
228497, ,BlackRock World Bond Fund,72.96,0.01,2.67,USD,2.67,724.46
228502, ,BlackRock World Bond Fund,186.87,0.01,1.19,EUR,1.19,38.62
240293,-,BlackRock World Bond Fund,11.28,0.00,2.26,GBP,2.26,13.10
228499, ,BlackRock World Bond Fund,54.98,0.00,2.67,USD,2.67,50.52
284724,-,BlackRock World Bond Fund,9.57,0.00,-0.32,GBP,-,-
284723,-,BlackRock World Bond Fund,96.71,0.00,-0.32,HKD,-,-
228504, ,BlackRock World Bond Fund,55.51,0.00,-0.38,USD,0.18,29.69
229319,-,BlackRock World Energy Fund,17.01,1.43,31.61,EUR,31.61,59.68
229918,-,BlackRock World Energy Fund,18.32,0.99,27.48,USD,27.48,87.90
260721,-,BlackRock World Energy Fund,7.64,0.92,27.73,AUD,27.73,-21.70
229925,-,BlackRock World Energy Fund,5.75,0.88,25.74,CHF,25.74,-40.90
229926,-,BlackRock World Energy Fund,5.39,0.94,26.48,EUR,26.48,-44.60
230129,-,BlackRock World Energy Fund,8.82,1.03,26.93,HKD,26.93,-9.50
229927,-,BlackRock World Energy Fund,5.35,0.94,27.08,SGD,27.08,-45.10
228339, ,BlackRock World Energy Fund,16.88,1.44,31.61,EUR,31.61,43.57
229320,-,BlackRock World Energy Fund,14.51,1.61,52.52,GBP,52.52,110.47
229922,-,BlackRock World Energy Fund,13.96,1.45,-5.53,EUR,27.11,58.67
229923,-,BlackRock World Energy Fund,15.03,0.94,-3.30,USD,26.53,73.00
229928,-,BlackRock World Energy Fund,4.81,1.05,-3.44,EUR,25.53,-52.30
229935,-,BlackRock World Financials Fund,20.72,1.67,9.86,EUR,9.86,80.20
229936,-,BlackRock World Financials Fund,22.30,1.13,6.47,USD,6.47,113.90
229329,-,BlackRock World Financials Fund,17.22,1.65,0.24,EUR,27.03,51.89
229938,-,BlackRock World Financials Fund,18.54,1.15,2.64,USD,26.52,38.62
229332,-,BlackRock World Gold Fund,30.35,0.30,55.67,EUR,55.67,317.76
229941,-,BlackRock World Gold Fund,32.68,-0.15,50.92,USD,50.92,195.20
260722,-,BlackRock World Gold Fund,10.37,-0.10,49.60,AUD,49.60,-6.20
229949,-,BlackRock World Gold Fund,5.65,-0.18,46.70,CHF,46.70,-48.80
229950,-,BlackRock World Gold Fund,5.34,-0.19,47.11,EUR,47.11,-51.60
230130,-,BlackRock World Gold Fund,6.51,-0.15,50.00,HKD,50.00,-41.20
285323,-,BlackRock World Gold Fund,97.86,-0.14,-,PLN,-,-
229951,-,BlackRock World Gold Fund,5.80,-0.17,47.89,SGD,47.89,-47.50
228338, ,BlackRock World Gold Fund,30.34,0.30,55.67,EUR,55.67,17.95
229942,-,BlackRock World Gold Fund,32.67,-0.18,50.92,USD,50.92,-46.69
229945,-,BlackRock World Gold Fund,24.30,0.29,5.61,EUR,61.89,79.67
229946,-,BlackRock World Gold Fund,26.16,-0.19,8.11,USD,61.25,23.74
229952,-,BlackRock World Gold Fund,4.75,-0.21,7.89,EUR,56.57,-53.50
229337,-,BlackRock World Healthscience Fund,31.16,0.68,-5.12,EUR,-5.12,175.72
229338,-,BlackRock World Healthscience Fund,33.55,0.21,-8.02,USD,-8.02,224.60
260718,-,BlackRock World Healthscience Fund,11.79,0.26,-7.25,AUD,-7.25,13.90
264284,-,BlackRock World Healthscience Fund,118.52,0.20,-8.49,HKD,-8.49,14.72
264124,-,BlackRock World Healthscience Fund,11.89,0.17,-7.99,SGD,-7.99,15.10
228664, ,BlackRock World Healthscience Fund,25.78,0.66,-0.90,EUR,3.27,155.99
229339,-,BlackRock World Healthscience Fund,27.76,0.18,1.41,USD,2.87,179.12
229342,-,BlackRock World Mining Fund,32.60,-1.98,57.18,EUR,57.18,159.72
229981,-,BlackRock World Mining Fund,35.10,-2.42,52.34,USD,52.34,213.68
260715,-,BlackRock World Mining Fund,7.56,-2.33,50.11,AUD,50.11,-32.60
229991,-,BlackRock World Mining Fund,5.24,-2.42,49.36,CHF,49.36,-53.10
229345,-,BlackRock World Mining Fund,3.15,-2.48,50.27,EUR,50.27,-73.66
230131,-,BlackRock World Mining Fund,6.32,-2.47,52.02,HKD,52.02,-43.60
229992,-,BlackRock World Mining Fund,5.50,-2.31,52.48,PLN,52.48,-50.90
229993,-,BlackRock World Mining Fund,3.35,-2.33,49.75,SGD,49.75,-72.61
229982,-,BlackRock World Mining Fund,31.85,-2.00,57.21,EUR,57.21,22.88
229343,-,BlackRock World Mining Fund,26.74,-1.84,82.18,GBP,82.18,71.39
229986,-,BlackRock World Mining Fund,26.19,-1.98,10.65,EUR,87.37,88.45
229987,-,BlackRock World Mining Fund,28.20,-2.42,13.23,USD,86.64,35.71
229346,-,BlackRock World Mining Fund,2.81,-2.43,13.15,EUR,84.42,-71.60
230009,-,BlackRock World Technology Fund,19.12,1.00,9.30,EUR,9.30,-
229352,-,BlackRock World Technology Fund,16.50,1.16,26.68,GBP,26.68,137.39
230010,-,BlackRock World Technology Fund,20.59,0.59,5.92,USD,5.92,99.18
229354,-,BlackRock World Technology Fund,16.95,0.53,5.14,USD,22.34,43.13
